timestamp,power in Watt
2025-05-25 00:00,0
2025-05-25 01:00,0
2025-05-25 02:00,0
2025-05-25 03:00,0
2025-05-25 04:00,0
2025-05-25 05:00,0
2025-05-25 05:15,4
2025-05-25 05:30,8
2025-05-25 05:45,14
2025-05-25 06:00,21
2025-05-25 06:15,17
2025-05-25 06:30,25
2025-05-25 06:45,59
2025-05-25 07:00,52
2025-05-25 07:15,48
2025-05-25 07:30,31
2025-05-25 07:45,47
2025-05-25 08:00,42
2025-05-25 08:15,40
2025-05-25 08:30,61
2025-05-25 08:45,39
2025-05-25 09:00,48
2025-05-25 09:15,41
2025-05-25 09:30,46
2025-05-25 09:45,66
2025-05-25 10:00,87
2025-05-25 10:15,51
2025-05-25 10:30,78
2025-05-25 10:45,64
2025-05-25 11:00,63
2025-05-25 11:15,60
2025-05-25 11:30,90
2025-05-25 11:45,82
2025-05-25 12:00,70
2025-05-25 12:15,77
2025-05-25 12:30,70
2025-05-25 12:45,37
2025-05-25 13:00,53
2025-05-25 13:15,57
2025-05-25 13:30,86
2025-05-25 13:45,126
2025-05-25 14:00,106
2025-05-25 14:15,90
2025-05-25 14:30,90
2025-05-25 14:45,89
2025-05-25 15:00,101
2025-05-25 15:15,101
2025-05-25 15:30,50
2025-05-25 15:45,78
2025-05-25 16:00,49
2025-05-25 16:15,87
2025-05-25 16:30,88
2025-05-25 16:45,38
2025-05-25 17:00,49
2025-05-25 17:15,21
2025-05-25 17:30,6
2025-05-25 17:45,11
2025-05-25 18:00,32
2025-05-25 18:15,32
2025-05-25 18:30,20
2025-05-25 18:45,22
2025-05-25 19:00,21
2025-05-25 19:15,15
2025-05-25 19:30,5
2025-05-25 19:45,5
2025-05-25 20:00,4
2025-05-25 20:15,3
2025-05-25 21:15,0
2025-05-25 22:15,0
2025-05-25 23:15,0
2025-05-26 00:00,0
2025-05-26 01:00,0
2025-05-26 02:00,0
2025-05-26 03:00,0
2025-05-26 04:00,0
2025-05-26 05:00,0
2025-05-26 05:30,6
2025-05-26 05:45,9
2025-05-26 06:00,24
2025-05-26 06:15,23
2025-05-26 06:30,21
2025-05-26 06:45,24
2025-05-26 07:00,23
2025-05-26 07:15,30
2025-05-26 07:30,77
2025-05-26 07:45,50
2025-05-26 08:00,107
2025-05-26 08:15,146
2025-05-26 08:30,199
2025-05-26 08:45,151
2025-05-26 09:00,142
2025-05-26 09:15,116
2025-05-26 09:30,82
2025-05-26 09:45,239
2025-05-26 10:00,98
2025-05-26 10:15,161
2025-05-26 10:30,616
2025-05-26 10:45,713
2025-05-26 11:00,221
2025-05-26 11:15,184
2025-05-26 11:30,427
2025-05-26 11:45,780
2025-05-26 12:00,652
2025-05-26 12:15,431
2025-05-26 12:30,662
2025-05-26 12:45,633
2025-05-26 13:00,570
2025-05-26 13:15,627
2025-05-26 13:30,527
2025-05-26 13:45,515
2025-05-26 14:00,220
2025-05-26 14:15,375
2025-05-26 14:30,326
2025-05-26 14:45,285
2025-05-26 15:00,272
2025-05-26 15:15,220
2025-05-26 15:30,208
2025-05-26 15:45,213
2025-05-26 16:00,125
2025-05-26 16:15,114
2025-05-26 16:30,134
2025-05-26 16:45,136
2025-05-26 17:00,76
2025-05-26 17:15,77
2025-05-26 17:30,96
2025-05-26 17:45,71
2025-05-26 18:00,42
2025-05-26 18:15,41
2025-05-26 18:30,46
2025-05-26 18:45,77
2025-05-26 19:00,63
2025-05-26 19:15,31
2025-05-26 19:30,24
2025-05-26 19:45,11
2025-05-26 20:00,8
2025-05-26 20:15,6
2025-05-26 20:30,4
2025-05-26 21:30,0
2025-05-26 22:30,0
2025-05-26 23:30,0
2025-05-27 00:00,0
2025-05-27 01:00,0
2025-05-27 02:00,0
2025-05-27 03:00,0
2025-05-27 04:00,0
2025-05-27 05:00,3
2025-05-27 05:15,9
2025-05-27 05:30,16
2025-05-27 05:45,28
2025-05-27 06:00,33
2025-05-27 06:15,39
2025-05-27 06:30,64
2025-05-27 06:45,124
2025-05-27 07:00,246
2025-05-27 07:15,188
2025-05-27 07:30,85
2025-05-27 07:45,72
2025-05-27 08:00,111
2025-05-27 08:15,158
2025-05-27 08:30,238
2025-05-27 08:45,226
2025-05-27 09:00,162
2025-05-27 09:15,280
2025-05-27 09:30,295
2025-05-27 09:45,431
2025-05-27 10:00,274
2025-05-27 10:15,807
2025-05-27 10:30,708
2025-05-27 10:45,704
2025-05-27 11:00,482
2025-05-27 11:15,618
2025-05-27 11:30,708
2025-05-27 11:45,511
2025-05-27 12:00,691
2025-05-27 12:15,262
2025-05-27 12:30,182
2025-05-27 12:45,226
2025-05-27 13:00,263
2025-05-27 13:15,569
2025-05-27 13:30,542
2025-05-27 13:45,510
2025-05-27 14:00,136
2025-05-27 14:15,58
2025-05-27 14:30,38
2025-05-27 14:45,102
2025-05-27 15:00,138
2025-05-27 15:15,155
2025-05-27 15:30,158
2025-05-27 15:45,116
2025-05-27 16:00,89
2025-05-27 16:15,94
2025-05-27 16:30,88
2025-05-27 16:45,93
2025-05-27 17:00,75
2025-05-27 17:15,77
2025-05-27 17:30,168
2025-05-27 17:45,104
2025-05-27 18:00,40
2025-05-27 18:15,26
2025-05-27 18:30,29
2025-05-27 18:45,22
2025-05-27 19:00,28
2025-05-27 19:15,20
2025-05-27 19:30,18
2025-05-27 19:45,8
2025-05-27 20:00,8
2025-05-27 20:15,2
2025-05-27 21:15,0
2025-05-27 22:15,0
2025-05-27 23:15,0
2025-05-28 00:00,0
2025-05-28 01:00,0
2025-05-28 02:00,0
2025-05-28 03:00,0
2025-05-28 04:00,0
2025-05-28 05:00,0
2025-05-28 05:45,7
2025-05-28 06:00,16
2025-05-28 06:15,18
2025-05-28 06:30,29
2025-05-28 06:45,18
2025-05-28 07:00,30
2025-05-28 07:15,19
2025-05-28 07:30,19
2025-05-28 07:45,12
2025-05-28 08:00,24
2025-05-28 08:15,17
2025-05-28 08:30,30
2025-05-28 08:45,27
2025-05-28 09:00,34
2025-05-28 09:15,60
2025-05-28 09:30,57
2025-05-28 09:45,165
2025-05-28 10:00,138
2025-05-28 10:15,353
2025-05-28 10:30,128
2025-05-28 10:45,95
2025-05-28 11:00,126
2025-05-28 11:15,72
2025-05-28 11:30,143
2025-05-28 11:45,66
2025-05-28 12:00,34
2025-05-28 12:15,52
2025-05-28 12:30,63
2025-05-28 12:45,51
2025-05-28 13:00,36
2025-05-28 13:15,31
2025-05-28 13:30,67
2025-05-28 13:45,54
2025-05-28 14:00,59
2025-05-28 14:15,170
2025-05-28 14:30,109
2025-05-28 14:45,183
2025-05-28 15:00,101
2025-05-28 15:15,38
2025-05-28 15:30,97
2025-05-28 15:45,88
2025-05-28 16:00,102
2025-05-28 16:15,105
2025-05-28 16:30,187
2025-05-28 16:45,160
2025-05-28 17:00,122
2025-05-28 17:15,83
2025-05-28 17:30,72
2025-05-28 17:45,82
2025-05-28 18:00,58
2025-05-28 18:15,52
2025-05-28 18:30,35
2025-05-28 18:45,41
2025-05-28 19:00,31
2025-05-28 19:15,23
2025-05-28 19:30,23
2025-05-28 19:45,33
2025-05-28 20:00,10
2025-05-28 20:15,5
2025-05-28 20:30,2
2025-05-28 21:30,0
2025-05-28 22:30,0
2025-05-28 23:30,0
2025-05-29 00:00,0
2025-05-29 01:00,0
2025-05-29 02:00,0
2025-05-29 03:00,0
2025-05-29 04:00,0
2025-05-29 05:00,0
2025-05-29 05:30,3
2025-05-29 05:45,7
2025-05-29 06:00,16
2025-05-29 06:15,20
2025-05-29 06:30,16
2025-05-29 06:45,38
2025-05-29 07:00,25
2025-05-29 07:15,16
2025-05-29 07:30,19
2025-05-29 07:45,28
2025-05-29 08:00,70
2025-05-29 08:15,115
2025-05-29 08:30,204
2025-05-29 08:45,96
2025-05-29 09:00,454
2025-05-29 09:15,94
2025-05-29 09:30,188
2025-05-29 09:45,482
2025-05-29 10:00,644
2025-05-29 10:15,773
2025-05-29 10:30,810
2025-05-29 10:45,812
2025-05-29 11:00,749
2025-05-29 11:15,780
2025-05-29 11:30,156
2025-05-29 11:45,637
2025-05-29 12:00,170
2025-05-29 12:15,636
2025-05-29 12:30,579
2025-05-29 12:45,430
2025-05-29 13:00,321
2025-05-29 13:15,187
2025-05-29 13:30,278
2025-05-29 13:45,326
2025-05-29 14:00,337
2025-05-29 14:15,287
2025-05-29 14:30,259
2025-05-29 14:45,308
2025-05-29 15:00,194
2025-05-29 15:15,265
2025-05-29 15:30,233
2025-05-29 15:45,167
2025-05-29 16:00,135
2025-05-29 16:15,127
2025-05-29 16:30,116
2025-05-29 16:45,109
2025-05-29 17:00,113
2025-05-29 17:15,127
2025-05-29 17:30,114
2025-05-29 17:45,128
2025-05-29 18:00,93
2025-05-29 18:15,71
2025-05-29 18:30,41
2025-05-29 18:45,48
2025-05-29 19:00,41
2025-05-29 19:15,33
2025-05-29 19:30,20
2025-05-29 19:45,9
2025-05-29 20:00,3
2025-05-29 20:15,4
2025-05-29 21:15,0
2025-05-29 22:15,0
2025-05-29 23:15,0
2025-05-30 00:00,0
2025-05-30 01:00,0
2025-05-30 02:00,0
2025-05-30 03:00,0
2025-05-30 04:00,0
2025-05-30 05:00,0
2025-05-30 05:15,2
2025-05-30 05:30,2
2025-05-30 05:45,2
2025-05-30 06:00,8
2025-05-30 06:15,22
2025-05-30 06:30,24
2025-05-30 06:45,31
2025-05-30 07:00,40
2025-05-30 07:15,46
2025-05-30 07:30,53
2025-05-30 07:45,54
2025-05-30 08:00,77
2025-05-30 08:15,90
2025-05-30 08:30,121
2025-05-30 08:45,211
2025-05-30 09:00,218
2025-05-30 09:15,316
2025-05-30 09:30,397
2025-05-30 09:45,506
2025-05-30 10:00,403
2025-05-30 10:15,502
2025-05-30 10:30,776
2025-05-30 10:45,704
2025-05-30 11:00,716
2025-05-30 11:15,716
2025-05-30 11:30,716
2025-05-30 11:45,710
2025-05-30 12:00,753
2025-05-30 12:15,142
2025-05-30 12:30,103
2025-05-30 12:45,161
2025-05-30 13:00,268
2025-05-30 13:15,336
2025-05-30 13:30,305
2025-05-30 13:45,278
2025-05-30 14:00,412
2025-05-30 14:15,430
2025-05-30 14:30,183
2025-05-30 14:45,281
2025-05-30 15:00,149
2025-05-30 15:15,259
2025-05-30 15:30,43
2025-05-30 15:45,166
2025-05-30 16:00,131
2025-05-30 16:15,108
2025-05-30 16:30,103
2025-05-30 16:45,93
2025-05-30 17:00,92
2025-05-30 17:15,86
2025-05-30 17:30,80
2025-05-30 17:45,75
2025-05-30 18:00,70
2025-05-30 18:15,65
2025-05-30 18:30,60
2025-05-30 18:45,53
2025-05-30 19:00,43
2025-05-30 19:15,31
2025-05-30 19:30,20
2025-05-30 19:45,14
2025-05-30 20:00,11
2025-05-30 20:15,8
2025-05-30 20:30,4
2025-05-30 21:30,0
2025-05-30 22:30,0
2025-05-30 23:30,0
2025-05-31 00:00,0
2025-05-31 01:00,0
2025-05-31 02:00,0
2025-05-31 03:00,0
2025-05-31 04:00,0
2025-05-31 05:00,0
2025-05-31 05:15,5
2025-05-31 05:30,8
2025-05-31 05:45,11
2025-05-31 06:00,15
2025-05-31 06:15,21
2025-05-31 06:30,25
2025-05-31 06:45,138
2025-05-31 07:00,277
2025-05-31 07:15,328
2025-05-31 07:30,216
2025-05-31 07:45,141
2025-05-31 08:00,53
2025-05-31 08:15,65
2025-05-31 08:30,202
2025-05-31 08:45,291
2025-05-31 09:00,256
2025-05-31 09:15,603
2025-05-31 09:30,628
2025-05-31 09:45,643
2025-05-31 10:00,653
2025-05-31 10:15,663
2025-05-31 10:30,669
2025-05-31 10:45,672